Hugo_Symbol,Tumor_Sample_Barcode,Variant_Classification,Variant_Type,HGVSp_Short,Chromosome,Start_Position,End_Position,Reference_Allele,Tumor_Seq_Allele2
TP53,TCGA-A8-A08R-01A,Frame_Shift_Ins,INS,p.N239*,17,7674248,7674249,-,A
TP53,TCGA-A2-A0EY-01A,Missense_Mutation,SNP,p.Y234C,17,7674262,7674262,T,C
TP53,TCGA-C8-A12W-01A,Missense_Mutation,SNP,p.H193Y,17,7674954,7674954,G,A
TP53,TCGA-GM-A3XL-01A,In_Frame_Del,DEL,p.R156del,17,7675144,7675146,GCG,-
TP53,TCGA-A2-A0D0-01A,Nonsense_Mutation,SNP,p.R196*,17,7674945,7674945,G,A
TP53,TCGA-AC-A3OD-01A,Nonsense_Mutation,SNP,p.Q144*,17,7675182,7675182,G,A
TP53,TCGA-A8-A08P-01A,Frame_Shift_Del,DEL,p.R156Afs*12,17,7675140,7675146,GGACGCG,-
TP53,TCGA-AO-A03R-01A,Missense_Mutation,SNP,p.L265R,17,7673826,7673826,A,C
TP53,TCGA-A8-A06U-01A,Frame_Shift_Del,DEL,p.R209Kfs*6,17,7674904,7674905,TC,-
TP53,TCGA-BH-A5IZ-01A,Missense_Mutation,SNP,p.R273H,17,7673802,7673802,C,T
TP53,TCGA-A8-A097-01A,Frame_Shift_Del,DEL,p.I251Sfs*94,17,7674213,7674213,G,-
TP53,TCGA-E2-A15M-01A,Missense_Mutation,SNP,p.L130V,17,7675224,7675224,G,C
TP53,TCGA-AR-A1AJ-01A,Missense_Mutation,SNP,p.R273H,17,7673802,7673802,C,T
TP53,TCGA-BH-A18T-01A,Missense_Mutation,SNP,p.Y107D,17,7676050,7676050,A,C
TP53,TCGA-E9-A22E-01A,Missense_Mutation,SNP,p.G245S,17,7674230,7674230,C,T
TP53,TCGA-D8-A143-01A,Splice_Site,SNP,p.X331_splice,17,7673533,7673533,A,C
TP53,TCGA-D8-A13Y-01A,Frame_Shift_Del,DEL,p.A138Cfs*27,17,7675185,7675200,CAGGGCAGGTCTTGGC,-
TP53,TCGA-A7-A26G-01A,Missense_Mutation,SNP,p.Y220H,17,7674873,7674873,A,G
TP53,TCGA-E2-A1B0-01A,Missense_Mutation,SNP,p.K132N,17,7675216,7675216,C,G
TP53,TCGA-C8-A1HM-01A,Missense_Mutation,SNP,p.L194P,17,7674950,7674950,A,G
TP53,TCGA-BH-A1FC-01A,Splice_Site,SNP,p.X225_splice,17,7674292,7674292,T,C
TP53,TCGA-GM-A2DD-01A,Missense_Mutation,SNP,p.R175H,17,7675088,7675088,C,T
TP53,TCGA-LL-A6FR-01A,Missense_Mutation,SNP,p.R273H,17,7673802,7673802,C,T
TP53,TCGA-A2-A0YT-01A,Missense_Mutation,SNP,p.I255S,17,7674199,7674199,A,C
TP53,TCGA-A8-A092-01A,Missense_Mutation,SNP,p.C238Y,17,7674250,7674250,C,T
TP53,TCGA-E2-A155-01A,Splice_Site,SNP,p.X33_splice,17,7676273,7676273,C,G
TP53,TCGA-AO-A03V-01A,Missense_Mutation,SNP,p.G245D,17,7674229,7674229,C,T
TP53,TCGA-C8-A130-01A,Frame_Shift_Del,DEL,p.N131Tfs*39,17,7675220,7675220,T,-
TP53,TCGA-A2-A0EQ-01A,In_Frame_Del,DEL,p.I162_Y163delinsN,17,7675125,7675127,AGA,-
TP53,TCGA-C8-A135-01A,Frame_Shift_Del,DEL,p.C242Afs*5,17,7674240,7674240,G,-
TP53,TCGA-E9-A1ND-01A,Missense_Mutation,SNP,p.Y220C,17,7674872,7674872,T,C
TP53,TCGA-BH-A18V-01A,Nonsense_Mutation,SNP,p.E56*,17,7676203,7676203,C,A
TP53,TCGA-A7-A0CE-01A,Missense_Mutation,SNP,p.T155P,17,7675149,7675149,T,G
TP53,TCGA-HN-A2NL-01A,Frame_Shift_Ins,INS,p.V143Gfs*11,17,7675184,7675185,-,CAGGGCAGGTCTTGGC
TP53,TCGA-AO-A03O-01A,Missense_Mutation,SNP,p.R175H,17,7675088,7675088,C,T
TP53,TCGA-AO-A03L-01A,Splice_Site,SNP,p.X261_splice,17,7674180,7674180,C,T
TP53,TCGA-AQ-A54N-01A,Nonsense_Mutation,SNP,p.R306*,17,7673704,7673704,G,A
TP53,TCGA-GM-A2DH-01A,Nonsense_Mutation,SNP,p.Q331*,17,7673537,7673537,G,A
TP53,TCGA-B6-A0IJ-01A,Missense_Mutation,SNP,p.Y220C,17,7674872,7674872,T,C
TP53,TCGA-EW-A1P8-01A,Missense_Mutation,SNP,p.R282W,17,7673776,7673776,G,A
TP53,TCGA-A2-A0CL-01A,Missense_Mutation,SNP,p.R273L,17,7673802,7673802,C,A
TP53,TCGA-C8-A26V-01A,Missense_Mutation,SNP,p.I232S,17,7674268,7674268,A,C
TP53,TCGA-B6-A0RH-01A,Missense_Mutation,SNP,p.Y220S,17,7674872,7674872,T,G
TP53,TCGA-EW-A1OY-01A,Nonsense_Mutation,SNP,p.Q192*,17,7674957,7674957,G,A
TP53,TCGA-D8-A1JF-01A,Missense_Mutation,SNP,p.H179R,17,7675076,7675076,T,C
TP53,TCGA-AC-A23C-01A,Frame_Shift_Del,DEL,p.R174Sfs*73,17,7675090,7675090,C,-
TP53,TCGA-AR-A251-01A,Missense_Mutation,SNP,p.E285K,17,7673767,7673767,C,T
TP53,TCGA-E9-A244-01A,Missense_Mutation,SNP,p.R175H,17,7675088,7675088,C,T
TP53,TCGA-BH-A0H7-01A,Missense_Mutation,SNP,p.G245D,17,7674229,7674229,C,T
TP53,TCGA-BH-A0B0-01A,Missense_Mutation,SNP,p.R175H,17,7675088,7675088,C,T
TP53,TCGA-EW-A1P4-01A,Missense_Mutation,SNP,p.H179R,17,7675076,7675076,T,C
TP53,TCGA-A2-A1G1-01A,Splice_Site,SNP,p.X225_splice,17,7674291,7674291,C,T
TP53,TCGA-B6-A1KF-01A,Splice_Site,DEL,p.X125_splice,17,7675993,7675993,C,-
TP53,TCGA-A2-A0SV-01A,In_Frame_Del,DEL,p.F113_H115del,17,7676025,7676033,TGCAAGAAG,-
TP53,TCGA-D8-A1X5-01A,Missense_Mutation,SNP,p.C238F,17,7674250,7674250,C,A
TP53,TCGA-B6-A0RU-01A,Nonsense_Mutation,SNP,p.R196*,17,7674945,7674945,G,A
TP53,TCGA-AO-A0J6-01A,Frame_Shift_Del,DEL,p.T211Lfs*36,17,7674900,7674900,T,-
TP53,TCGA-A8-A09Q-01A,Splice_Site,SNP,p.X224_splice,17,7674857,7674857,A,T
TP53,TCGA-C8-A1HF-01A,Missense_Mutation,SNP,p.H179Y,17,7675077,7675077,G,A
TP53,TCGA-A7-A13E-01A,Missense_Mutation,SNP,p.R175H,17,7675088,7675088,C,T
TP53,TCGA-A7-A13E-01A,Frame_Shift_Del,DEL,p.P77Gfs*65,17,7676122,7676141,CCGGTGTAGGAGCTGCTGGT,-
TP53,TCGA-A2-A0T3-01A,Frame_Shift_Del,DEL,p.E287Pfs*9,17,7673733,7673761,TGAGGCTCCCCTTTCTTGCGGAGATTCTC,-
TP53,TCGA-BH-A0E0-01A,Missense_Mutation,SNP,p.R175H,17,7675088,7675088,C,T
TP53,TCGA-A2-A04W-01A,Missense_Mutation,SNP,p.V272M,17,7673806,7673806,C,T
TP53,TCGA-AR-A5QQ-01A,Frame_Shift_Del,DEL,p.R209Kfs*6,17,7674904,7674905,TC,-
TP53,TCGA-B6-A0I2-01A,Frame_Shift_Ins,INS,p.I162Wfs*10,17,7675128,7675129,-,GGCCA
TP53,TCGA-BH-A18H-01A,Nonsense_Mutation,SNP,p.Q331*,17,7673537,7673537,G,A
TP53,TCGA-AR-A0TX-01A,Missense_Mutation,SNP,p.Y205C,17,7674917,7674917,T,C
TP53,TCGA-A1-A0SO-01A,Missense_Mutation,SNP,p.Y220C,17,7674872,7674872,T,C
TP53,TCGA-E2-A2P5-01A,Missense_Mutation,SNP,p.F341S,17,7670687,7670687,A,G
TP53,TCGA-A2-A0YJ-01A,Nonsense_Mutation,SNP,p.R342*,17,7670685,7670685,G,A
TP53,TCGA-GM-A2DF-01A,Splice_Site,SNP,p.X225_splice,17,7674292,7674292,T,C
TP53,TCGA-AN-A0FT-01A,Missense_Mutation,SNP,p.H193R,17,7674953,7674953,T,C
TP53,TCGA-A1-A0SI-01A,Missense_Mutation,SNP,p.R175H,17,7675088,7675088,C,T
TP53,TCGA-AR-A1AH-01A,Frame_Shift_Del,DEL,p.G108Ffs*40,17,7676046,7676047,CC,-
TP53,TCGA-AR-A1AW-01A,Missense_Mutation,SNP,p.R273C,17,7673803,7673803,G,A
TP53,TCGA-D8-A1JG-01B,Frame_Shift_Ins,INS,p.L289Ffs*65,17,7673755,7673756,-,ATTCTCTTCCTCTGTGCGCCGCGGAA
TP53,TCGA-A7-A56D-01A,Frame_Shift_Del,DEL,p.T304Ifs*41,17,7673709,7673709,G,-
TP53,TCGA-BH-A0GY-01A,Missense_Mutation,SNP,p.R175H,17,7675088,7675088,C,T
TP53,TCGA-AO-A124-01A,Nonsense_Mutation,SNP,p.R213*,17,7674894,7674894,G,A
TP53,TCGA-A2-A0YE-01A,Frame_Shift_Del,DEL,p.I162Tfs*8,17,7675127,7675127,A,-
TP53,TCGA-C8-A12P-01A,Missense_Mutation,SNP,p.R248W,17,7674221,7674221,G,A
TP53,TCGA-AC-A2BK-01A,Missense_Mutation,SNP,p.S215I,17,7674887,7674887,C,A
TP53,TCGA-B6-A0RS-01A,Missense_Mutation,SNP,p.R273C,17,7673803,7673803,G,A
TP53,TCGA-D8-A13Z-01A,Missense_Mutation,SNP,p.C141Y,17,7675190,7675190,C,T
TP53,TCGA-D8-A1J9-01A,Missense_Mutation,SNP,p.V173L,17,7675095,7675095,C,A
TP53,TCGA-A7-A5ZV-01A,Frame_Shift_Del,DEL,p.T211Ffs*4,17,7674899,7674900,GT,-
TP53,TCGA-BH-A0BF-01A,Missense_Mutation,SNP,p.G245S,17,7674230,7674230,C,T
TP53,TCGA-D8-A1XQ-01A,Frame_Shift_Del,DEL,p.L252Sfs*93,17,7674209,7674209,G,-
TP53,TCGA-AR-A24U-01A,Nonsense_Mutation,SNP,p.E51*,17,7676218,7676218,C,A
TP53,TCGA-D8-A1XJ-01A,Missense_Mutation,SNP,p.R282G,17,7673776,7673776,G,C
TP53,TCGA-E2-A14P-01A,Missense_Mutation,SNP,p.V157F,17,7675143,7675143,C,A
TP53,TCGA-EW-A1PB-01A,Missense_Mutation,SNP,p.Y163C,17,7675124,7675124,T,C
TP53,TCGA-E2-A1LK-01A,Frame_Shift_Ins,INS,p.A86Cfs*63,17,7676114,7676115,-,G
TP53,TCGA-AN-A0AR-01A,Frame_Shift_Del,DEL,p.E171Lfs*2,17,7675098,7675101,CCTC,-
TP53,TCGA-D8-A147-01A,Missense_Mutation,SNP,p.C176F,17,7675085,7675085,C,A
TP53,TCGA-A8-A08X-01A,Missense_Mutation,SNP,p.C176F,17,7675085,7675085,C,A
TP53,TCGA-EW-A1PH-01A,Frame_Shift_Del,DEL,p.K292Gfs*52,17,7673743,7673746,CTTT,-
TP53,TCGA-D8-A27N-01A,Missense_Mutation,SNP,p.R175H,17,7675088,7675088,C,T
TP53,TCGA-E9-A243-01A,Missense_Mutation,SNP,p.Y220S,17,7674872,7674872,T,G
TP53,TCGA-E9-A243-01A,Nonsense_Mutation,SNP,p.W91*,17,7676096,7676096,C,T
TP53,TCGA-AN-A0AS-01A,In_Frame_Del,DEL,p.R110del,17,7676038,7676040,GAC,-
TP53,TCGA-EW-A6S9-01A,Missense_Mutation,SNP,p.H179R,17,7675076,7675076,T,C
TP53,TCGA-A7-A6VX-01A,Missense_Mutation,SNP,p.P250L,17,7674214,7674214,G,A
TP53,TCGA-AC-A6IW-01A,Missense_Mutation,SNP,p.R175H,17,7675088,7675088,C,T
TP53,TCGA-D8-A142-01A,Missense_Mutation,SNP,p.P278A,17,7673788,7673788,G,C
TP53,TCGA-AR-A24P-01A,Missense_Mutation,SNP,p.Y234C,17,7674262,7674262,T,C
TP53,TCGA-B6-A0I6-01A,Frame_Shift_Del,DEL,p.H178Pfs*2,17,7675080,7675081,GG,-
TP53,TCGA-AN-A0XN-01A,Splice_Site,SNP,p.X126_splice,17,7675238,7675238,T,C
TP53,TCGA-BH-A18V-06A,Nonsense_Mutation,SNP,p.E56*,17,7676203,7676203,C,A
TP53,TCGA-C8-A27B-01A,Missense_Mutation,SNP,p.H193R,17,7674953,7674953,T,C
TP53,TCGA-AR-A1AP-01A,Nonsense_Mutation,SNP,p.R196*,17,7674945,7674945,G,A
TP53,TCGA-AR-A1AR-01A,Frame_Shift_Del,DEL,p.S90Pfs*33,17,7676101,7676101,A,-
TP53,TCGA-AR-A24T-01A,Missense_Mutation,SNP,p.R273H,17,7673802,7673802,C,T
TP53,TCGA-AN-A0AL-01A,Missense_Mutation,SNP,p.R175H,17,7675088,7675088,C,T
TP53,TCGA-E9-A6HE-01A,Nonsense_Mutation,SNP,p.R306*,17,7673704,7673704,G,A
TP53,TCGA-GM-A2DI-01A,Splice_Site,DEL,p.X261_splice,17,7674172,7674182,GCTCCTGACCT,ACCTA
TP53,TCGA-C8-A278-01A,Missense_Mutation,SNP,p.H168P,17,7675109,7675109,T,G
TP53,TCGA-E2-A15E-01A,Missense_Mutation,SNP,p.H193R,17,7674953,7674953,T,C
TP53,TCGA-PE-A5DE-01A,Missense_Mutation,SNP,p.M169I,17,7675105,7675105,C,T
TP53,TCGA-A7-A0CJ-01A,Missense_Mutation,SNP,p.R175H,17,7675088,7675088,C,T
TP53,TCGA-BH-A18U-01A,Frame_Shift_Del,DEL,p.E285Rfs*54,17,7673749,7673767,TGCGGAGATTCTCTTCCTC,-
TP53,TCGA-PL-A8LV-01A,Missense_Mutation,SNP,p.C275Y,17,7673796,7673796,C,T
TP53,TCGA-BH-A1FE-01A,Missense_Mutation,SNP,p.N247I,17,7674223,7674223,T,A
TP53,TCGA-A8-A09X-01A,Missense_Mutation,SNP,p.M246I,17,7674225,7674225,C,T
TP53,TCGA-E2-A1L7-01A,Missense_Mutation,SNP,p.I255F,17,7674200,7674200,T,A
TP53,TCGA-E2-A158-01A,Missense_Mutation,SNP,p.I195T,17,7674947,7674947,A,G
TP53,TCGA-B6-A409-01A,Frame_Shift_Ins,INS,p.T253Hfs*11,17,7674207,7674208,-,A
TP53,TCGA-A2-A0D2-01A,Frame_Shift_Del,DEL,p.P318Tfs*15,17,7673567,7673577,TCTTCTTTGGC,-
TP53,TCGA-E2-A1LH-01A,Missense_Mutation,SNP,p.K132T,17,7675217,7675217,T,G
TP53,TCGA-A8-A081-01A,Missense_Mutation,SNP,p.C141Y,17,7675190,7675190,C,T
TP53,TCGA-BH-A1F0-01A,Frame_Shift_Del,DEL,p.V147Lfs*23,17,7675173,7675173,C,-
TP53,TCGA-BH-A0BP-01A,Missense_Mutation,SNP,p.K132N,17,7675216,7675216,C,G
TP53,TCGA-A8-A07U-01A,Frame_Shift_Del,DEL,p.F328Sfs*17,17,7673545,7673545,A,-
TP53,TCGA-AO-A12D-01A,Frame_Shift_Del,DEL,p.C242Afs*5,17,7674240,7674240,G,-
TP53,TCGA-BH-A0DL-01A,Missense_Mutation,SNP,p.E286A,17,7673763,7673763,T,G
TP53,TCGA-C8-A12K-01A,Missense_Mutation,SNP,p.I195T,17,7674947,7674947,A,G
TP53,TCGA-AN-A0XT-01A,Splice_Site,SNP,p.X126_splice,17,7675237,7675237,C,T
TP53,TCGA-E9-A1RB-01A,Missense_Mutation,SNP,p.E286Q,17,7673764,7673764,C,G
TP53,TCGA-GM-A2DB-01A,Nonsense_Mutation,SNP,p.E294*,17,7673740,7673740,C,A
TP53,TCGA-C8-A12L-01A,Missense_Mutation,SNP,p.C238F,17,7674250,7674250,C,A
TP53,TCGA-AR-A1AI-01A,Missense_Mutation,SNP,p.F270I,17,7673812,7673812,A,T
TP53,TCGA-B6-A401-01A,Missense_Mutation,SNP,p.R175H,17,7675088,7675088,C,T
TP53,TCGA-D8-A1JJ-01A,Missense_Mutation,SNP,p.C141Y,17,7675190,7675190,C,T
TP53,TCGA-AO-A0JE-01A,Missense_Mutation,SNP,p.Y220C,17,7674872,7674872,T,C
TP53,TCGA-A7-A13D-01A,Nonsense_Mutation,SNP,p.E221*,17,7674870,7674870,C,A
TP53,TCGA-E2-A1IN-01A,Missense_Mutation,SNP,p.V157G,17,7675142,7675142,A,C
TP53,TCGA-A2-A0SW-01A,Missense_Mutation,SNP,p.R273C,17,7673803,7673803,G,A
TP53,TCGA-BH-A0BT-01A,Missense_Mutation,SNP,p.R158G,17,7675140,7675140,G,C
TP53,TCGA-C8-A12Q-01A,Missense_Mutation,SNP,p.Y205N,17,7674918,7674918,A,T
TP53,TCGA-E9-A248-01A,Frame_Shift_Del,DEL,p.H115Ifs*8,17,7676026,7676026,G,-
TP53,TCGA-A2-A04U-01A,Frame_Shift_Del,DEL,p.Y107Cfs*16,17,7676047,7676049,CGT,GC
TP53,TCGA-AO-A128-01A,Nonsense_Mutation,SNP,p.R342*,17,7670685,7670685,G,A
TP53,TCGA-BH-A0AW-01A,Missense_Mutation,SNP,p.F270S,17,7673811,7673811,A,G
TP53,TCGA-A1-A0SK-01A,Missense_Mutation,SNP,p.M133K,17,7675214,7675214,A,T
TP53,TCGA-BH-A0BL-01A,Missense_Mutation,SNP,p.P151H,17,7675160,7675160,G,T
TP53,TCGA-E2-A159-01A,Missense_Mutation,SNP,p.V216M,17,7674885,7674885,C,T
TP53,TCGA-A2-A3Y0-01A,Nonsense_Mutation,SNP,p.R342*,17,7670685,7670685,G,A
TP53,TCGA-E9-A1N9-01A,Nonsense_Mutation,SNP,p.R196*,17,7674945,7674945,G,A
TP53,TCGA-B6-A0IE-01A,Splice_Site,SNP,p.X307_splice,17,7673700,7673700,C,T
TP53,TCGA-E2-A9RU-01A,Missense_Mutation,SNP,p.F113C,17,7676031,7676031,A,C
TP53,TCGA-E2-A14X-01A,Nonsense_Mutation,SNP,p.R213*,17,7674894,7674894,G,A
TP53,TCGA-OL-A66I-01A,Nonsense_Mutation,SNP,p.R342*,17,7670685,7670685,G,A
TP53,TCGA-D8-A27F-01A,Frame_Shift_Del,DEL,p.C242Afs*5,17,7674240,7674240,G,-
TP53,TCGA-E9-A1NF-01A,Missense_Mutation,SNP,p.F113C,17,7676031,7676031,A,C
TP53,TCGA-D8-A27M-01A,Nonsense_Mutation,SNP,p.R196*,17,7674945,7674945,G,A
TP53,TCGA-AR-A254-01A,Nonsense_Mutation,SNP,p.C124*,17,7675997,7675997,G,T
TP53,TCGA-LL-A73Y-01A,Splice_Site,SNP,p.X225_splice,17,7674292,7674292,T,A
TP53,TCGA-BH-A0HY-01A,Missense_Mutation,SNP,p.G245D,17,7674229,7674229,C,T
TP53,TCGA-BH-A0B9-01A,Missense_Mutation,SNP,p.P278T,17,7673788,7673788,G,T
TP53,TCGA-LL-A5YO-01A,Missense_Mutation,SNP,p.L194R,17,7674950,7674950,A,C
TP53,TCGA-BH-A0C0-01A,Frame_Shift_Del,DEL,p.R110Vfs*13,17,7676041,7676041,G,-
TP53,TCGA-A2-A0SX-01A,Missense_Mutation,SNP,p.G199V,17,7674935,7674935,C,A
TP53,TCGA-EW-A6SD-01A,Missense_Mutation,SNP,p.E286K,17,7673764,7673764,C,T
TP53,TCGA-B6-A1KN-01A,Missense_Mutation,SNP,p.L265P,17,7673826,7673826,A,G
TP53,TCGA-A8-A06Q-01A,Missense_Mutation,SNP,p.C238Y,17,7674250,7674250,C,T
TP53,TCGA-OL-A6VO-01A,Missense_Mutation,SNP,p.V157D,17,7675142,7675142,A,T
TP53,TCGA-AC-A2QH-01A,Missense_Mutation,SNP,p.D281Y,17,7673779,7673779,C,A
TP53,TCGA-B6-A0I9-01A,Missense_Mutation,SNP,p.C135Y,17,7675208,7675208,C,T
TP53,TCGA-E2-A152-01A,Missense_Mutation,SNP,p.K132E,17,7675218,7675218,T,C
TP53,TCGA-E9-A1NC-01A,Missense_Mutation,SNP,p.R273H,17,7673802,7673802,C,T
TP53,TCGA-A8-A06O-01A,Missense_Mutation,SNP,p.G279E,17,7673784,7673784,C,T
TP53,TCGA-E2-A14N-01A,Nonsense_Mutation,SNP,p.R196*,17,7674945,7674945,G,A
TP53,TCGA-GM-A2DL-01A,Missense_Mutation,SNP,p.D281E,17,7673777,7673777,G,T
TP53,TCGA-C8-A275-01A,Missense_Mutation,SNP,p.G266E,17,7673823,7673823,C,T
TP53,TCGA-S3-AA0Z-01A,Missense_Mutation,SNP,p.S127Y,17,7675232,7675232,G,T
TP53,TCGA-LL-A8F5-01A,Missense_Mutation,SNP,p.R273L,17,7673802,7673802,C,A
TP53,TCGA-D8-A1XZ-01A,Nonsense_Mutation,SNP,p.Q167*,17,7675113,7675113,G,A
TP53,TCGA-BH-A0BC-01A,Missense_Mutation,SNP,p.R248W,17,7674221,7674221,G,A
TP53,TCGA-D8-A1JM-01A,Missense_Mutation,SNP,p.R273H,17,7673802,7673802,C,T
TP53,TCGA-C8-A138-01A,Frame_Shift_Del,DEL,p.L308Afs*28,17,7673606,7673607,GT,-
TP53,TCGA-AN-A0XU-01A,Frame_Shift_Del,DEL,p.C275Lfs*67,17,7673789,7673798,ACAGGCACAA,-
TP53,TCGA-AR-A0U0-01A,Missense_Mutation,SNP,p.L194R,17,7674950,7674950,A,C
TP53,TCGA-BH-A0EE-01A,Frame_Shift_Del,DEL,p.H178Pfs*69,17,7675079,7675079,T,-
TP53,TCGA-BH-A0EE-01A,Missense_Mutation,SNP,p.C176S,17,7675085,7675085,C,G
TP53,TCGA-BH-A1FN-01A,Missense_Mutation,SNP,p.R280T,17,7673781,7673781,C,G
TP53,TCGA-PL-A8LZ-01A,Missense_Mutation,SNP,p.R175H,17,7675088,7675088,C,T
TP53,TCGA-LD-A7W5-01A,Missense_Mutation,SNP,p.L257R,17,7674193,7674193,A,C
TP53,TCGA-D8-A1XK-01A,In_Frame_Del,DEL,p.F270_G279delinsLF,17,7673783,7673810,CCCAGGACAGGCACAAACACGCACCTCA,AAAC
TP53,TCGA-E2-A14Y-01A,Missense_Mutation,SNP,p.Q136E,17,7675206,7675206,G,C
TP53,TCGA-AC-A5EH-01A,Missense_Mutation,SNP,p.L194R,17,7674950,7674950,A,C
TP53,TCGA-BH-A0B7-01A,Splice_Site,SNP,p.X187_splice,17,7674972,7674972,C,T
TP53,TCGA-AR-A2LH-01A,Missense_Mutation,SNP,p.R273H,17,7673802,7673802,C,T
TP53,TCGA-AO-A0J4-01A,Missense_Mutation,SNP,p.R282W,17,7673776,7673776,G,A
TP53,TCGA-D8-A1JL-01A,Missense_Mutation,SNP,p.H193L,17,7674953,7674953,T,A
TP53,TCGA-E2-A1LS-01A,Missense_Mutation,SNP,p.E286K,17,7673764,7673764,C,T
TP53,TCGA-AR-A0U2-01A,Missense_Mutation,SNP,p.C176F,17,7675085,7675085,C,A
TP53,TCGA-A2-A0YG-01A,Splice_Site,SNP,p.X125_splice,17,7675993,7675993,C,A
TP53,TCGA-A8-A07W-01A,Missense_Mutation,SNP,p.H179R,17,7675076,7675076,T,C
TP53,TCGA-AC-A7VC-01A,Missense_Mutation,SNP,p.P278S,17,7673788,7673788,G,A
TP53,TCGA-A7-A6VY-01A,Frame_Shift_Ins,INS,p.L299Afs*7,17,7673726,7673727,-,T
TP53,TCGA-C8-A26X-01A,Missense_Mutation,SNP,p.V173M,17,7675095,7675095,C,T
TP53,TCGA-E2-A1II-01A,Splice_Site,SNP,p.X126_splice,17,7675238,7675238,T,G
TP53,TCGA-BH-A0WA-01A,Missense_Mutation,SNP,p.S241C,17,7674241,7674241,G,C
TP53,TCGA-AN-A0AJ-01A,Frame_Shift_Del,DEL,p.G108Vfs*15,17,7676046,7676046,C,-
TP53,TCGA-BH-A0BR-01A,Missense_Mutation,SNP,p.V274F,17,7673800,7673800,C,A
TP53,TCGA-E2-A1IO-01A,Frame_Shift_Ins,INS,p.P191Sfs*18,17,7674960,7674961,-,A
TP53,TCGA-AR-A0TP-01A,Missense_Mutation,SNP,p.R273P,17,7673802,7673802,C,G
TP53,TCGA-AN-A0FY-01A,Missense_Mutation,SNP,p.V173M,17,7675095,7675095,C,T
TP53,TCGA-B6-A0IK-01A,Missense_Mutation,SNP,p.L194R,17,7674950,7674950,A,C
TP53,TCGA-AR-A0TS-01A,Nonsense_Mutation,SNP,p.E198*,17,7674939,7674939,C,A
TP53,TCGA-AO-A0JB-01A,Nonsense_Mutation,SNP,p.R213*,17,7674894,7674894,G,A
TP53,TCGA-C8-A12O-01A,Missense_Mutation,SNP,p.R273H,17,7673802,7673802,C,T
TP53,TCGA-C8-A1HK-01A,Nonsense_Mutation,SNP,p.R280*,17,7673782,7673782,T,A
TP53,TCGA-OL-A5RW-01A,Frame_Shift_Del,DEL,p.R209Kfs*6,17,7674904,7674905,TC,-
TP53,TCGA-A2-A0CM-01A,Frame_Shift_Del,DEL,p.E204Sfs*43,17,7674921,7674921,C,-
TP53,TCGA-BH-A208-01A,Splice_Site,SNP,p.X187_splice,17,7674972,7674972,C,G
TP53,TCGA-BH-A0RX-01A,Nonsense_Mutation,SNP,p.R342*,17,7670685,7670685,G,A
TP53,TCGA-A8-A06Z-01A,Frame_Shift_Del,DEL,p.P128Lfs*42,17,7675229,7675229,G,-
TP53,TCGA-E9-A1RH-01A,Frame_Shift_Del,DEL,p.E339Rfs*6,17,7670694,7670694,C,-
TP53,TCGA-C8-A8HP-01A,Nonsense_Mutation,SNP,p.Q136*,17,7675206,7675206,G,A
TP53,TCGA-D8-A1Y3-01A,Nonsense_Mutation,SNP,p.R213*,17,7674894,7674894,G,A
TP53,TCGA-LD-A74U-01A,Missense_Mutation,SNP,p.R280K,17,7673781,7673781,C,T
TP53,TCGA-EW-A1P1-01A,Missense_Mutation,SNP,p.R273H,17,7673802,7673802,C,T
TP53,TCGA-A2-A0CW-01A,Nonsense_Mutation,SNP,p.R196*,17,7674945,7674945,G,A
TP53,TCGA-AR-A0U1-01A,Missense_Mutation,SNP,p.Y220C,17,7674872,7674872,T,C
TP53,TCGA-E2-A15E-06A,Missense_Mutation,SNP,p.H193R,17,7674953,7674953,T,C
TP53,TCGA-AR-A24K-01A,Frame_Shift_Ins,INS,p.R110Sfs*14,17,7676042,7676043,-,AA
TP53,TCGA-D8-A1XA-01A,Nonsense_Mutation,SNP,p.R306*,17,7673704,7673704,G,A
TP53,TCGA-AR-A24S-01A,Missense_Mutation,SNP,p.D281V,17,7673778,7673778,T,A
TP53,TCGA-A8-A07R-01A,Missense_Mutation,SNP,p.R248W,17,7674221,7674221,G,A
TP53,TCGA-AR-A24Q-01A,Missense_Mutation,SNP,p.R175H,17,7675088,7675088,C,T
TP53,TCGA-D8-A1XW-01A,Missense_Mutation,SNP,p.Y126N,17,7675236,7675236,A,T
TP53,TCGA-AQ-A04J-01A,Missense_Mutation,SNP,p.L111P,17,7676037,7676037,A,G
TP53,TCGA-AR-A2LR-01A,Frame_Shift_Del,DEL,p.C242Afs*5,17,7674240,7674240,G,-
TP53,TCGA-EW-A1PA-01A,Nonsense_Mutation,SNP,p.R213*,17,7674894,7674894,G,A
TP53,TCGA-A8-A075-01A,Splice_Site,SNP,p.X187_splice,17,7675052,7675052,C,A
TP53,TCGA-E2-A574-01A,Splice_Site,DEL,p.X261_splice,17,7673834,7673840,ACCACTA,-
TP53,TCGA-E2-A574-01A,Missense_Mutation,SNP,p.R248Q,17,7674220,7674220,C,T
TP53,TCGA-A8-A09N-01A,Missense_Mutation,SNP,p.H193R,17,7674953,7674953,T,C
TP53,TCGA-AO-A0J2-01A,Missense_Mutation,SNP,p.R175H,17,7675088,7675088,C,T
TP53,TCGA-AQ-A04H-01B,Missense_Mutation,SNP,p.V197G,17,7674941,7674941,A,C
TP53,TCGA-E9-A226-01A,Frame_Shift_Del,DEL,p.P152Afs*14,17,7675146,7675158,GGGTGCCGGGCGG,-
TP53,TCGA-BH-A202-01A,Nonsense_Mutation,SNP,p.R213*,17,7674894,7674894,G,A
TP53,TCGA-E2-A150-01A,Nonsense_Mutation,SNP,p.C176*,17,7675084,7675084,G,T
TP53,TCGA-C8-A1HG-01A,Missense_Mutation,SNP,p.C141R,17,7675191,7675191,A,G
TP53,TCGA-BH-A203-01A,Missense_Mutation,SNP,p.R273H,17,7673802,7673802,C,T
TP53,TCGA-A2-A0D1-01A,Nonsense_Mutation,SNP,p.Q331*,17,7673537,7673537,G,A
TP53,TCGA-A2-A0YH-01A,Missense_Mutation,SNP,p.P278L,17,7673787,7673787,G,A
TP53,TCGA-A7-A26F-01A,Missense_Mutation,SNP,p.C176F,17,7675085,7675085,C,A
TP53,TCGA-A8-A07O-01A,Splice_Site,SNP,p.X125_splice,17,7675993,7675993,C,T
TP53,TCGA-A1-A0SP-01A,Nonsense_Mutation,SNP,p.S183*,17,7675064,7675064,G,C
TP53,TCGA-AC-A8OQ-01A,Nonsense_Mutation,SNP,p.E294*,17,7673740,7673740,C,A
TP53,TCGA-AN-A0FL-01A,Splice_Site,SNP,p.X225_splice,17,7674292,7674292,T,C
TP53,TCGA-BH-A1F2-01A,Missense_Mutation,SNP,p.E285K,17,7673767,7673767,C,T
TP53,TCGA-E2-A1B6-01A,Nonsense_Mutation,SNP,p.R342*,17,7670685,7670685,G,A
TP53,TCGA-A8-A079-01A,Missense_Mutation,SNP,p.S215I,17,7674887,7674887,C,A
TP53,TCGA-S3-AA10-01A,Frame_Shift_Ins,INS,p.T118Dfs*31,17,7676017,7676018,-,C
TP53,TCGA-AR-A256-01A,Frame_Shift_Ins,INS,p.R110Sfs*14,17,7676041,7676042,-,GA
TP53,TCGA-B6-A0X1-01A,Splice_Site,SNP,p.X331_splice,17,7673534,7673534,C,A
TP53,TCGA-AN-A04C-01A,Missense_Mutation,SNP,p.H179R,17,7675076,7675076,T,C
TP53,TCGA-B6-A0WX-01A,Missense_Mutation,SNP,p.R248W,17,7674221,7674221,G,A
TP53,TCGA-B6-A0WX-01A,Nonsense_Mutation,SNP,p.L114*,17,7676028,7676028,A,T
TP53,TCGA-E9-A5FL-01A,Missense_Mutation,SNP,p.H193R,17,7674953,7674953,T,C
TP53,TCGA-BH-A0DI-01A,Missense_Mutation,SNP,p.I255N,17,7674199,7674199,A,T
TP53,TCGA-BH-A1F6-01A,Missense_Mutation,SNP,p.S127P,17,7675233,7675233,A,G
TP53,TCGA-BH-A0HX-01A,Missense_Mutation,SNP,p.C135W,17,7675207,7675207,G,C
TP53,TCGA-BH-A18Q-01A,Frame_Shift_Ins,INS,p.P77Cfs*73,17,7676140,7676141,-,TGCA
TP53,TCGA-A7-A4SE-01A,Splice_Site,SNP,p.X261_splice,17,7673838,7673838,C,A
TP53,TCGA-A7-A6VV-01A,Nonsense_Mutation,SNP,p.Q52*,17,7676215,7676215,G,A
TP53,TCGA-A7-A13D-01A,Nonsense_Mutation,SNP,p.E221*,17,7674870,7674870,C,A
TP53,TCGA-E9-A22G-01A,Frame_Shift_Ins,INS,p.E271*,17,7673809,7673810,-,A
TP53,TCGA-AR-A1AS-01A,Missense_Mutation,SNP,p.R175H,17,7675088,7675088,C,T
TP53,TCGA-A2-A04P-01A,Frame_Shift_Del,DEL,p.G108Vfs*15,17,7676046,7676046,C,-
TP53,TCGA-AR-A0U3-01A,Frame_Shift_Del,DEL,p.Q167Hfs*3,17,7675111,7675111,C,-
TP53,TCGA-AN-A0FJ-01A,Frame_Shift_Ins,INS,p.V157Afs*24,17,7675142,7675143,-,G
TP53,TCGA-A7-A0DA-01A,Missense_Mutation,SNP,p.I195T,17,7674947,7674947,A,G
TP53,TCGA-E9-A1N8-01A,Frame_Shift_Ins,INS,p.T256Nfs*8,17,7674196,7674197,-,T
TP53,TCGA-A2-A4S1-01A,Missense_Mutation,SNP,p.R280S,17,7673780,7673780,T,G
TP53,TCGA-A7-A6VW-01A,Missense_Mutation,SNP,p.H179R,17,7675076,7675076,T,C
TP53,TCGA-B6-A0RT-01A,Missense_Mutation,SNP,p.P278T,17,7673788,7673788,G,T
TP53,TCGA-C8-A1HJ-01A,Nonsense_Mutation,SNP,p.R196*,17,7674945,7674945,G,A
TP53,TCGA-AC-A5XU-01A,Missense_Mutation,SNP,p.R342P,17,7670684,7670684,C,G
TP53,TCGA-C8-A12Z-01A,Missense_Mutation,SNP,p.R342P,17,7670684,7670684,C,G
TP53,TCGA-AR-A1AQ-01A,Frame_Shift_Del,DEL,p.R342Efs*3,17,7670685,7670685,G,-
TP53,TCGA-D8-A1XL-01A,Missense_Mutation,SNP,p.R248W,17,7674221,7674221,G,A
TP53,TCGA-A2-A04T-01A,Missense_Mutation,SNP,p.R273H,17,7673802,7673802,C,T
TP53,TCGA-A2-A04T-01A,Missense_Mutation,SNP,p.D208G,17,7674908,7674908,T,C
TP53,TCGA-E2-A573-01A,Missense_Mutation,SNP,p.Y220C,17,7674872,7674872,T,C
TP53,TCGA-BH-A1EY-01A,Missense_Mutation,SNP,p.Y126C,17,7675235,7675235,T,C
TP53,TCGA-BH-A0BW-01A,Splice_Region,SNP,p.X125_splice,17,7675994,7675994,C,G
TP53,TCGA-AN-A046-01A,Missense_Mutation,SNP,p.E11K,17,7676564,7676564,C,T
TP53,TCGA-AN-A0FX-01A,Missense_Mutation,SNP,p.R248W,17,7674221,7674221,G,A
TP53,TCGA-AR-A1AN-01A,Frame_Shift_Del,DEL,p.R110Vfs*13,17,7676041,7676041,G,-
TP53,TCGA-E2-A1LG-01A,In_Frame_Del,DEL,p.I255del,17,7674197,7674199,TGA,-
TP53,TCGA-C8-A27A-01A,Missense_Mutation,SNP,p.G199V,17,7674935,7674935,C,A
TP53,TCGA-D8-A1XT-01A,Missense_Mutation,SNP,p.A276P,17,7673794,7673794,C,G
TP53,TCGA-A2-A4S3-01A,Missense_Mutation,SNP,p.K132E,17,7675218,7675218,T,C
TP53,TCGA-C8-A134-01A,Missense_Mutation,SNP,p.R273H,17,7673802,7673802,C,T
TP53,TCGA-A2-A0T2-01A,Missense_Mutation,SNP,p.Y220C,17,7674872,7674872,T,C
TP53,TCGA-AR-A0TV-01A,Missense_Mutation,SNP,p.V216M,17,7674885,7674885,C,T
TP53,TCGA-3C-AALI-01A,Nonsense_Mutation,SNP,p.S183*,17,7675064,7675064,G,T
TP53,TCGA-A2-A0YM-01A,Frame_Shift_Del,DEL,p.R333Vfs*12,17,7670712,7670712,G,-
TP53,TCGA-Z7-A8R6-01A,Missense_Mutation,SNP,p.E285K,17,7673767,7673767,C,T
TP53,TCGA-BH-A0C3-01A,Missense_Mutation,SNP,p.G187S,17,7675053,7675053,C,T
TP53,TCGA-UU-A93S-01A,Missense_Mutation,SNP,p.Q136P,17,7675205,7675205,T,G
TP53,TCGA-B6-A0I6-01A,Frame_Shift_Del,DEL,p.H178Pfs*2,17,7675080,7675081,GG,-
TP53,TCGA-E9-A1N5-01A,Missense_Mutation,SNP,p.H193R,17,7674953,7674953,T,C
TP53,TCGA-C8-A131-01A,Missense_Mutation,SNP,p.R175H,17,7675088,7675088,C,T
TP53,TCGA-A2-A0T1-01A,Missense_Mutation,SNP,p.R273C,17,7673803,7673803,G,A
TP53,TCGA-BH-A1FU-01A,Missense_Mutation,SNP,p.R175H,17,7675088,7675088,C,T
TP53,TCGA-A8-A07B-01A,Frame_Shift_Del,DEL,p.Q165Afs*6,17,7675091,7675119,CTCACAACCTCCGTCATGTGCTGTGACTG,-
TP53,TCGA-AC-A62X-01A,Missense_Mutation,SNP,p.I195T,17,7674947,7674947,A,G
TP53,TCGA-A7-A13E-01A,Missense_Mutation,SNP,p.R175H,17,7675088,7675088,C,T
TP53,TCGA-A7-A13E-01A,Frame_Shift_Del,DEL,p.P77Gfs*65,17,7676122,7676141,CCGGTGTAGGAGCTGCTGGT,-
TP53,TCGA-AN-A0FV-01A,Missense_Mutation,SNP,p.L252P,17,7674208,7674208,A,G
TP53,TCGA-B6-A0RE-01A,Frame_Shift_Del,DEL,p.S303Afs*42,17,7673713,7673713,T,-
TP53,TCGA-BH-A0AV-01A,Missense_Mutation,SNP,p.R248Q,17,7674220,7674220,C,T
TP53,TCGA-A8-A094-01A,Frame_Shift_Del,DEL,p.R209Kfs*6,17,7674904,7674905,TC,-
TP53,TCGA-BH-A0DZ-01A,Missense_Mutation,SNP,p.E258Q,17,7674191,7674191,C,G
TP53,TCGA-OL-A5D6-01A,Missense_Mutation,SNP,p.C242G,17,7674239,7674239,A,C
TP53,TCGA-BH-A1FD-01A,Missense_Mutation,SNP,p.V173L,17,7675095,7675095,C,G
TP53,TCGA-AN-A0G0-01A,Nonsense_Mutation,SNP,p.R342*,17,7670685,7670685,G,A
TP53,TCGA-EW-A6SB-01A,Missense_Mutation,SNP,p.R282W,17,7673776,7673776,G,A
TP53,TCGA-EW-A1OZ-01A,Nonsense_Mutation,SNP,p.E258*,17,7674191,7674191,C,A
TP53,TCGA-LL-A5YP-01A,Missense_Mutation,SNP,p.R280K,17,7673781,7673781,C,T
TP53,TCGA-D8-A1JK-01A,Splice_Site,SNP,p.X331_splice,17,7673534,7673534,C,T
TP53,TCGA-E2-A14Z-01A,Missense_Mutation,SNP,p.R282W,17,7673776,7673776,G,A
TP53,TCGA-AO-A0JD-01A,Missense_Mutation,SNP,p.H193L,17,7674953,7674953,T,A
TP53,TCGA-E2-A14R-01A,Missense_Mutation,SNP,p.I195T,17,7674947,7674947,A,G
TP53,TCGA-OL-A5D7-01A,Missense_Mutation,SNP,p.V272M,17,7673806,7673806,C,T
TP53,TCGA-A7-A26I-01A,Missense_Mutation,SNP,p.G266E,17,7673823,7673823,C,T
TP53,TCGA-BH-A0B3-01A,Missense_Mutation,SNP,p.V216M,17,7674885,7674885,C,T
TP53,TCGA-C8-A26W-01A,Missense_Mutation,SNP,p.R273L,17,7673802,7673802,C,A
